<?xml version="1.0" encoding="UTF-8"?>
<!DOCTYPE mapper PUBLIC "-//mybatis.org//DTD Mapper 3.0//EN" "http://mybatis.org/dtd/mybatis-3-mapper.dtd">

<mapper namespace="com.jump.mapper.PostInfoMapper">
    <resultMap id="signConfigMap" type="com.jump.entity.PostInfo">
        <id property="id" column="id"/>
        <result property="userId" column="user_id"/>
        <result property="postContent" column="post_content"/>
        <result property="postTitle" column="post_title"/>
        <result property="postContent" column="post_content"/>
        <result property="imgUrl" column="img_url"/>
        <result property="type" column="type"/>
        <result property="status" column="status"/>
        <result property="createTime" column="create_time"/>
        <result property="updateTime" column="update_time"/>
    </resultMap>

    <sql id="signConfigSql">
        post_info.`id`,
        post_info.`user_id`,
        post_info.`task_id`,
        post_info.`post_title`,
        post_info.`post_content`,
        post_info.`img_url`,
        post_info.`type`,
        post_info.`status`,
        post_info.`create_time`,
        post_info.`update_time`
    </sql>
</mapper>