<?xml version="1.0" encoding="UTF-8"?>
<!DOCTYPE mapper PUBLIC "-//mybatis.org//DTD Mapper 3.0//EN" "http://mybatis.org/dtd/mybatis-3-mapper.dtd">

<mapper namespace="com.jump.mapper.TaskInfoMapper">

    <resultMap id="taskInfoMap" type="com.jump.entity.TaskInfo">
        <id property="id" column="id"/>
        <result property="logUrl" column="log_url"/>
        <result property="describe" column="describe"/>
        <result property="points" column="points"/>
        <result property="categoryType" column="category_type"/>
        <result property="type" column="type"/>
        <result property="url" column="url"/>
        <result property="createTime" column="create_time"/>
        <result property="updateTime" column="update_time"/>
    </resultMap>

    <sql id="taskInfoSql">
        task_info.`id`,
        task_info.`log_url`,
        task_info.`describe`,
        task_info.`points`,
        task_info.`category_type`,
        task_info.`type`,
        task_info.`url`,
        task_info.`create_time`,
        task_info.`update_time`    </sql>
</mapper>
