<?xml version="1.0" encoding="UTF-8"?>
<!DOCTYPE mapper PUBLIC "-//mybatis.org//DTD Mapper 3.0//EN" "http://mybatis.org/dtd/mybatis-3-mapper.dtd">

<mapper namespace="com.jump.mapper.GameConfigMapper">

    <resultMap id="gameConfigMap" type="com.jump.entity.GameConfig">
        <id property="id" column="id"/>
        <result property="hp" column="hp"/>
        <result property="points" column="points"/>
        <result property="mapTimes" column="map_times"/>
    </resultMap>

    <sql id="gameConfigSql">
        game_config.`id`,        game_config.`hp`,        game_config.`points`,        game_config.`map_times`    </sql>
</mapper>
