<?xml version="1.0" encoding="UTF-8"?>
<!DOCTYPE mapper PUBLIC "-//mybatis.org//DTD Mapper 3.0//EN" "http://mybatis.org/dtd/mybatis-3-mapper.dtd">

<mapper namespace="com.jump.mapper.GameRecordMapper">
    <resultMap id="signConfigMap" type="com.jump.entity.GameRecord">
        <id property="id" column="id"/>
        <result property="userId" column="user_id"/>
        <result property="userName" column="user_name"/>
        <result property="times" column="times"/>
        <result property="points" column="points"/>
        <result property="createTime" column="create_time"/>
        <result property="updateTime" column="update_time"/>
    </resultMap>

    <sql id="signConfigSql">
        game_record.`id`,
        game_record.`user_id`,
        game_record.`game_record`,
        game_record.`times`,
        game_record.`points`,
        game_record.`create_time`,
        game_record.`update_time`
    </sql>
</mapper>
