<?xml version="1.0" encoding="UTF-8"?>
<!DOCTYPE mapper PUBLIC "-//mybatis.org//DTD Mapper 3.0//EN" "http://mybatis.org/dtd/mybatis-3-mapper.dtd">

<mapper namespace="com.jump.mapper.MemeInfoMapper">
    <resultMap id="signConfigMap" type="com.jump.entity.MemeInfo">
        <id property="id" column="id"/>
        <result property="userId" column="user_id"/>
        <result property="taskId" column="task_id"/>
        <result property="postContent" column="post_content"/>
        <result property="status" column="status"/>
        <result property="createTime" column="create_time"/>
        <result property="updateTime" column="update_time"/>
    </resultMap>

    <sql id="signConfigSql">
        meme_info.`id`,
        meme_info.`user_id`,
        meme_info.`task_id`,
        meme_info.`meme_title`,
        meme_info.`meme_content`,
        meme_info.`status`,
        meme_info.`create_time`,
        meme_info.`update_time`
    </sql>
</mapper>