<?xml version="1.0" encoding="UTF-8"?>
<!DOCTYPE mapper PUBLIC "-//mybatis.org//DTD Mapper 3.0//EN" "http://mybatis.org/dtd/mybatis-3-mapper.dtd">

<mapper namespace="com.jump.mapper.ShareRecordMapper">

    <resultMap id="shareRecordMap" type="com.jump.entity.ShareRecord">
        <id property="id" column="id"/>
        <result property="userId" column="user_id"/>
        <result property="shareUserId" column="share_user_id"/>
        <result property="points" column="points"/>
        <result property="createTime" column="create_time"/>
        <result property="updateTime" column="update_time"/>
    </resultMap>

    <sql id="shareRecordSql">
        share_record.`id`,        share_record.`user_id`,        share_record.`share_user_id`,        share_record.`points`,        share_record.`create_time`,        share_record.`update_time`    </sql>
</mapper>
