<?xml version="1.0" encoding="UTF-8"?>
<!DOCTYPE mapper PUBLIC "-//mybatis.org//DTD Mapper 3.0//EN" "http://mybatis.org/dtd/mybatis-3-mapper.dtd">

<mapper namespace="com.jump.mapper.SignConfigMapper">
    <resultMap id="signConfigMap" type="com.jump.entity.SignConfig">
        <id property="id" column="id"/>
        <result property="sort" column="sort"/>
        <result property="name" column="name"/>
        <result property="posts" column="posts"/>
    </resultMap>

    <sql id="signConfigSql">
        sign_config.`id`,
        sign_config.`sort`,
        sign_config.`name`,
        sign_config.`posts`
    </sql>
</mapper>
