<?xml version="1.0" encoding="UTF-8"?>

<!DOCTYPE mapper PUBLIC "-//mybatis.org//DTD Mapper 3.0//EN" "http://mybatis.org/dtd/mybatis-3-mapper.dtd">

<mapper namespace="com.jump.mapper.SignRecordMapper">

    <resultMap id="signRecordMap" type="com.jump.entity.SignRecord">
        <id property="id" column="id"/>

        <result property="createTime" column="create_time"/>
        <result property="updateTime" column="update_time"/>
        <result property="userId" column="user_id"/>
        <result property="continuDays" column="continu_days"/>
        <result property="cumulateDays" column="cumulate_days"/>
    </resultMap>

    <sql id="signRecordSql">
        sign_record.`id`,             sign_record.`create_time`,        sign_record.`update_time`,        sign_record.`user_id`,        sign_record.`continu_days`,        sign_record.`cumulate_days`    </sql>
</mapper>
