<?xml version="1.0" encoding="UTF-8"?>
<!DOCTYPE mapper PUBLIC "-//mybatis.org//DTD Mapper 3.0//EN" "http://mybatis.org/dtd/mybatis-3-mapper.dtd">

<mapper namespace="com.jump.mapper.TaskRecordMapper">

    <resultMap id="taskRecordMap" type="com.jump.entity.TaskRecord">
        <id property="id" column="id"/>
        <result property="userId" column="user_id"/>
        <result property="taskId" column="task_id"/>
        <result property="status" column="status"/>
        <result property="completeTime" column="complete_time"/>
        <result property="createTime" column="create_time"/>
        <result property="updateTime" column="update_time"/>
    </resultMap>

    <sql id="taskRecordSql">
        task_record.`id`,        task_record.`task_id`,        task_record.`status`,        task_record.`complete_time`,        task_record.`create_time`,        task_record.`update_time`    </sql>
</mapper>
