<?xml version="1.0" encoding="UTF-8"?>
<!DOCTYPE mapper PUBLIC "-//mybatis.org//DTD Mapper 3.0//EN" "http://mybatis.org/dtd/mybatis-3-mapper.dtd">

<mapper namespace="com.jump.mapper.UserInfoMapper">
    <resultMap id="UserInfoMap" type="com.jump.entity.UserInfo">
        <id property="id" column="id"/>
        <result property="userName" column="user_name"/>
        <result property="points" column="points"/>
        <result property="token" column="token"/>
        <result property="headimgUrl" column="headimg_url"/>
        <result property="userCode" column="user_code"/>
        <result property="parentId" column="parent_id"/>
        <result property="createTime" column="create_time"/>
        <result property="updateTime" column="update_time"/>
        <result property="chatId" column="chat_id"/>
        <result property="hp" column="hp"/>
        <result property="taskTime" column="task_time"/>
    </resultMap>

    <sql id="UserInfoSql">
        user_info.`id`,
        user_info.`sort`,
        user_info.`name`,
        user_info.`posts`,
        user_info.`token`,
        user_info.`headimg_url`,
        user_info.`user_code`,
        user_info.`create_time`,
        user_info.`update_time`,
        user_info.`chat_id`,
        user_info.`hp`,
        user_info.`task_time`
    </sql>

</mapper>
