<?xml version="1.0" encoding="UTF-8"?>
<!DOCTYPE mapper PUBLIC "-//mybatis.org//DTD Mapper 3.0//EN" "http://mybatis.org/dtd/mybatis-3-mapper.dtd">

<mapper namespace="com.jump.mapper.WalletInfoMapper">

    <resultMap id="walletInfoMap" type="com.jump.entity.WalletInfo">
        <id property="id" column="id"/>
        <result property="walletCategoryId" column="wallet_category_id"/>
        <result property="userId" column="user_id"/>
        <result property="walletUrl" column="wallet_url"/>
        <result property="createTime" column="create_time"/>
        <result property="updateTime" column="update_time"/>
    </resultMap>

    <sql id="walletInfoSql">
        wallet_info.`id`,
        wallet_info.`wallet_category_id`,
        wallet_info.`user_id`,
        wallet_info.`wallet_url`,
        wallet_info.`create_time`,
        wallet_info.`update_time`
     </sql>
</mapper>
